﻿{"cameraMode":{"drawMode":0,"name":"Shaded","section":"Shading Mode"},"sceneLighting":true,"audioPlay":false,"sceneViewState":{"showFog":true,"showMaterialUpdate":false,"showSkybox":true,"showFlares":true,"showImageEffects":true,"showParticleSystems":true},"in2DMode":false,"pivot":{"x":0.8257372975349426,"y":2.622699737548828,"z":1.6049121618270875},"rotation":{"x":-0.08717229217290878,"y":0.8995905518531799,"z":-0.21045254170894624,"w":-0.37262260913848879},"size":7.1713948249816898,"orthographic":false}